time,state
0,0
4,0
7,0
11,0
14,0
17,0
20,0
23,0
27,0
30,0
33,0
36,0
39,0
43,0
46,0
49,0
52,0
55,0
59,0
62,0
65,0
68,0
71,0
75,0
78,0
81,0
84,0
87,0
91,0
94,0
97,0
100,0
103,0
106,0
110,0
113,0
116,0
119,0
123,0
126,0
129,0
132,0
135,0
138,0
142,0
145,0
148,0
151,0
154,0
158,0
161,0
164,0
167,0
170,0
174,0
177,0
180,0
183,0
186,0
190,0
193,0
196,0
199,0
202,0
206,0
209,0
212,0
215,0
218,0
222,0
225,0
228,0
231,0
234,0
238,0
241,0
244,0
247,0
250,0
254,0
257,0
260,0
263,0
266,0
270,0
273,0
276,0
279,0
282,0
286,0
317,0
320,0
323,0
327,0
330,0
333,0
336,0
339,0
343,0
346,0
349,0
352,0
355,0
359,0
362,0
365,0
368,0
371,0
375,0
378,0
381,0
384,0
387,0
391,0
394,0
397,0
400,0
403,0
407,0
410,0
413,0
416,0
419,0
423,0
426,0
429,0
432,0
435,0
439,0
442,0
445,0
448,0
451,0
455,0
458,0
461,0
464,0
467,0
471,0
474,0
477,0
480,0
483,0
486,0
490,0
493,0
496,0
499,0
502,0
506,0
509,0
512,0
515,0
518,0
522,0
525,0
528,1
531,1
534,1
538,1
541,1
544,1
547,1
550,1
554,1
557,1
560,1
563,1
566,1
570,1
573,1
576,1
579,1
582,1
586,1
592,1
595,1
598,1
602,1
605,1
608,1
611,1
615,1
618,1
621,1
624,1
627,1
630,1
634,1
637,1
640,1
643,0
646,0
650,0
653,0
656,0
659,0
662,0
666,0
669,0
672,0
675,0
678,0
682,0
685,0
688,0
691,0
694,0
698,0
701,0
704,0
707,0
710,0
714,0
717,0
720,0
723,0
726,0
730,0
733,0
736,1
804,1
807,1
810,1
813,1
817,1
820,1
823,1
826,1
829,1
833,1
836,1
839,1
842,1
845,1
849,1
852,1
855,1
858,1
861,1
865,1
868,1
871,1
874,1
877,1
881,0
884,0
887,0
890,0
893,0
897,0
900,0
903,0
906,0
909,0
913,0
916,0
919,0
922,0
925,0
929,0
932,0
935,0
938,0
941,0
945,0
948,0
951,1
954,1
957,1
961,1
964,1
967,1
970,1
973,1
977,1
980,1
983,1
986,1
989,1
992,1
996,1
999,1
1002,1
1005,1
1008,1
1012,1
1015,1
1018,1
1021,1
1024,1
1028,1
1031,1
1034,1
1037,1
1040,1
1044,1
1047,1
1050,1
1053,1
1056,1
1060,1
1063,1
1066,1
1069,1
1072,1
1076,1
1079,1
1082,1
1085,1
1088,1
1092,1
1095,1
1098,1
1101,1
1104,1
1108,1
1111,1
1114,1
1117,1
1120,1
1123,1
1127,1
1130,1
1133,1
1136,1
1139,1
1143,1
1146,1
1149,1
1152,1
1155,1
1159,1
1162,1
1165,1
1168,1
1171,1
1178,1
1181,1
1184,1
1188,1
1191,1
1194,1
1197,1
1200,1
1204,1
1207,1
1210,1
1213,1
1216,1
1220,1
1223,1
1226,1
1229,1
1232,1
1236,1
1239,1
1242,1
1245,1
1248,1
1252,1
1255,1
1258,1
1261,1
1264,1
1268,1
1271,1
1274,1
1277,1
1280,1
1284,1
1287,1
1290,1
1293,1
1296,1
1300,1
1303,1
1306,1
1309,1
1312,1
1316,1
1319,1
1322,1
1325,1
1328,1
1332,1
1335,1
1338,1
1341,1
1344,1
1348,1
1351,1
1354,1
1357,1
1360,1
1363,1
1367,1
1370,1
1373,1
1376,1
1379,1
1383,1
1386,1
1389,1
1392,1
1395,1
1399,1
1402,1
1405,1
1408,1
1411,1
1415,1
1418,1
1421,1
1424,1
1427,1
1431,1
1434,1
1437,1
1440,1
1443,1
1447,1
1450,1
1453,1
1456,1
1459,1
1463,1
1466,1
1469,1
1472,1
1475,1
1479,1
1482,1
1485,1
1488,1
1491,1
1495,1
1498,1
1501,1
1504,1
1507,1
1511,1
1514,1
1517,1
1520,1
1523,1
1526,1
1530,1
1533,1
1536,1
1539,1
1542,1
1546,1
1549,1
1552,1
1555,1
1558,1
1562,1
1565,1
1568,1
1571,1
1574,1
1578,1
1581,1
1584,1
1587,1
1590,1
1594,1
1597,1
1600,1
1603,1
1606,1
1610,1
1613,1
1616,1
1619,1
1622,1
1626,1
1629,1
1632,1
1635,1
1638,1
1642,1
1648,1
1651,1
1655,1
1658,1
1661,1
1664,1
1667,1
1671,1
1674,1
1677,1
1680,1
1683,1
1687,1
1690,1
1693,1
1696,1
1699,1
1703,1
1706,1
1709,1
1712,1
1715,1
1719,1
1722,1
1725,1
1728,1
1731,1
1735,1
1738,1
1741,1
1744,1
1747,1
1751,1
1754,1
1757,1
1760,1
1763,1
1767,1
1770,1
1773,1
1776,1
1779,1
1783,1
1786,1
1789,1
1792,1
1795,1
1799,1
1802,1
1805,1
1808,1
1811,1
1814,1
1818,1
1821,1
1824,1
1827,1
1830,1
1834,1
1837,1
1840,1
1843,1
1846,1
1850,1
1853,1
1856,1
1859,1
1862,1
1866,1
1869,1
1872,1
1875,1
1878,1
1882,1
1885,1
1888,1
1891,1
1894,1
1898,1
1901,1
1904,1
1907,1
1910,1
1914,1
1917,1
1920,1
1923,1
1926,1
1930,1
1933,1
1936,1
1939,1
1942,1
1946,1
1949,1
1952,1
1955,1
1958,1
1962,1
1965,1
1968,1
1971,1
1974,1
1978,1
1981,1
1984,1
1987,1
1990,1
1994,1
1997,1
2000,1
2003,1
2006,1
2010,1
2013,1
2016,1
2019,1
2022,1
2026,1
2029,1
2032,1
2035,1
2038,1
2042,1
2045,1
2048,1
2051,1
2054,1
2058,1
2061,1
2064,1
2067,1
2070,1
2074,1
2077,1
2080,1
2083,1
2086,1
2090,1
2093,1
2096,1
2099,1
2102,1
2106,1
2109,1
2112,1
2146,1
2150,1
2153,1
2156,1
2159,1
2162,1
2166,1
2169,1
2172,1
2175,1
2178,1
2182,1
2185,1
2188,1
2191,1
2194,1
2198,1
2201,1
2204,1
2207,1
2210,1
2214,1
2217,1
2220,1
2223,1
2226,1
2230,1
2233,1
2236,1
2239,1
2242,1
2246,1
2249,1
2252,1
2255,1
2258,1
2262,1
2265,1
2268,1
2271,1
2274,1
2278,1
2281,1
2284,1
2287,1
2290,1
2294,1
2297,1
2300,1
2303,1
2306,1
2310,1
2313,1
2316,1
2319,1
2322,1
2325,1
2329,1
2332,1
2335,1
2338,1
2341,1
2345,1
2348,1
2351,1
2354,1
2357,1
2361,1
2364,1
2367,1
2370,1
2373,1
2377,1
2380,1
2383,1
2386,1
2389,1
2393,1
2396,1
2399,1
2402,1
2406,1
2409,1
2412,1
2415,1
2418,1
2421,1
2425,1
2428,1
2431,1
2434,1
2437,1
2441,1
2444,1
2447,1
2450,1
2453,1
2457,1
2460,1
2463,1
2466,1
2469,1
2473,1
2476,1
2479,1
2482,1
2485,1
2489,1
2492,1
2495,1
2498,1
2501,1
2505,1
2508,1
2511,1
2514,1
2517,1
2521,1
2524,1
2527,1
2530,1
2533,1
2537,1
2540,1
2543,1
2546,1
2549,1
2553,1
2556,1
2559,1
2562,1
2565,1
2569,1
2572,1
2575,1
2578,1
2581,1
2584,1
2588,1
2591,1
2594,1
2597,1
2600,1
2604,1
2607,1
2610,1
2616,1
2620,1
2623,1
2626,1
2629,1
2633,1
2636,1
2639,1
2642,1
2645,1
2649,1
2652,1
2655,1
2658,1
2661,1
2665,1
2668,1
2671,1
2674,1
2677,1
2681,1
2684,1
2687,1
2690,1
2693,1
2697,1
2700,1
2703,1
2706,1
2709,1
2713,1
2716,1
2719,1
2722,1
2725,1
2729,1
2732,1
2735,0
2738,0
2741,0
2745,0
2748,0
2751,0
2754,0
2757,0
2761,0
2764,0
2767,0
2770,0
2773,0
2777,0
2780,0
2783,0
2786,0
2789,0
2793,0
2796,0
2799,0
2802,0
2805,0
2809,0
2812,0
2815,0
2818,0
2821,0
2825,0
2828,0
2831,0
2834,0
2837,0
2841,0
2844,0
2847,0
2850,1
2853,1
2857,1
2860,1
2863,1
2866,1
2869,1
2873,1
2876,1
2879,1
2882,1
2885,1
2889,1
2892,1
2895,1
2898,1
2901,1
2904,1
2908,1
2911,1
2914,1
2917,1
2921,1
2924,1
2927,1
2930,1
2933,1
2937,1
2940,1
2943,1
2946,1
2949,1
2952,1
2956,0
2959,0
2962,0
2965,0
2968,0
2972,0
2975,0
2978,0
2981,0
2984,0
2988,0
2999,0
3002,0
3005,0
3008,0
3011,0
3014,0
3018,0
3021,0
3024,0
3027,0
3030,0
3034,0
3037,0
3040,0
3043,0
3046,1
3050,1
3053,1
3056,1
3059,1
3062,1
3066,1
3069,1
3072,1
3075,1
3078,1
3082,1
3085,1
3088,1
3094,1
3098,1
3101,1
3104,1
3107,1
3111,1
3114,1
3117,1
3120,1
3123,1
3127,1
3130,1
3133,1
3136,1
3139,1
3143,1
3146,1
3149,1
3152,0
3155,0
3159,0
3162,0
3165,0
3168,0
3171,0
3175,0
3178,0
3181,0
3184,0
3187,0
3191,0
3194,1
3197,1
3200,1
3203,1
3207,1
3210,1
3213,1
3216,1
3219,1
3223,1
3226,1
3229,1
3232,1
3235,1
3239,1
3242,1
3245,1
3248,1
3251,1
3255,1
3258,1
3261,1
3264,1
3267,1
3271,1
3274,1
3277,1
3280,1
3283,1
3287,1
3290,1
3293,1
3296,1
3299,1
3303,1
3306,1
3309,1
3312,1
3315,1
3319,1
3322,1
3325,1
3328,1
3331,1
3334,1
3338,1
3341,1
3344,1
3347,1
3350,1
3354,1
3357,1
3360,1
3363,1
3366,1
3370,1
3373,1
3376,1
3379,1
3382,1
3386,1
3389,0
3392,0
3395,0
3398,0
3402,0
3405,0
3408,0
3411,0
3414,0
3418,0
3421,0
3424,0
3427,0
3430,0
3434,0
3437,0
3440,0
3443,0
3446,0
3450,0
3453,1
3456,1
3459,1
3462,1
3466,1
3469,1
3472,1
3475,1
3478,1
3482,1
3485,1
3488,1
3491,1
3494,1
3498,1
3501,1
3504,1
3507,1
3510,1
3514,1
3517,1
3520,1
3523,1
3526,1
3530,1
3533,1
3536,1
3539,1
3542,1
3546,1
3549,1
3552,1
3555,1
3558,1
3561,1
3568,1
3571,1
3574,1
3578,1
3581,1
3584,1
3587,1
3590,1
3594,1
3597,1
3600,1
3603,1
3607,1
3610,1
3613,1
3616,1
3619,1
3622,1
3626,1
3629,1
3632,1
3635,1
3638,1
3642,1
3645,1
3648,1
3651,1
3654,1
3658,1
3661,1
3664,1
3667,1
3670,1
3674,1
3677,1
3680,1
3683,1
3687,1
3690,1
3693,1
3696,1
3699,1
3703,1
3706,1
3709,1
3712,1
3715,1
3718,1
3722,1
3725,1
3728,1
3731,1
3735,1
3738,1
3741,1
3744,1
3747,1
3750,1
3754,1
3757,1
3760,1
3763,1
3767,1
3770,1
3773,1
3776,1
3779,1
3782,1
3786,1
3789,1
3792,1
3795,1
3799,1
3802,1
3805,1
3808,1
3811,1
3814,1
3818,1
3821,1
3824,1
3827,1
3830,1
3834,1
3837,1
3840,1
3843,1
3846,1
3850,1
3853,1
3856,1
3859,1
3862,1
3866,1
3869,1
3872,1
3875,1
3878,1
3882,1
3885,1
3888,1
3891,1
3894,1
3898,1
3901,1
3904,1
3907,1
3910,1
3914,1
3917,1
3920,1
3923,1
3926,1
3930,1
3933,1
3936,1
3939,1
3942,1
3946,1
3949,1
3952,1
3955,1
3958,1
3962,1
3965,1
3968,1
3971,1
3974,1
3978,1
3981,1
3984,1
3987,1
3990,1
3994,1
3997,1
4000,1
4003,1
4006,1
4010,1
4013,1
4016,1
4019,1
4022,1
4026,1
4029,1
4032,1
4064,1
4067,1
4071,1
4074,1
4077,1
4080,1
4083,1
4087,1
4090,1
4093,1
4096,1
4099,1
4103,1
4106,1
4109,1
4112,1
4115,1
4119,1
4122,1
4125,1
4128,1
4131,1
4135,1
4138,1
4141,1
4144,1
4147,1
4151,1
4154,1
4157,1
4160,1
4163,1
4167,1
4170,1
4173,1
4176,0
4179,0
4183,0
4186,0
4189,0
4192,0
4195,0
4199,0
4202,0
4205,0
4208,0
4211,0
4215,0
4218,0
4221,0
4224,0
4227,0
4230,0
4234,0
4237,0
4240,0
4243,0
4246,0
4250,0
4253,0
4256,0
4259,0
4262,0
4266,0
4269,0
4272,0
4275,0
4278,0
4282,0
4285,0
4288,0
4291,0
4294,0
4298,0
4301,0
4304,0
4307,0
4310,0
4314,0
4317,0
4320,0
4323,0
4326,1
4330,1
4333,1
4336,1
4339,1
4342,1
4346,1
4349,1
4352,1
4355,1
4358,1
4362,1
4365,1
4368,1
4371,1
4374,1
4378,1
4381,1
4384,1
4387,1
4390,1
4394,1
4397,1
4400,1
4403,1
4406,1
4410,1
4413,1
4416,1
4419,1
4422,1
4426,1
4429,1
4432,1
4435,1
4438,1
4442,1
4445,1
4448,1
4451,1
4454,1
4458,1
4461,1
4464,1
4467,1
4470,1
4474,1
4477,1
4480,1
4483,1
4486,1
4490,1
4493,1
4496,1
4499,1
4502,1
4506,1
4509,1
4512,0
4515,0
4518,0
4522,0
4525,0
4531,0
4534,0
4538,0
4541,0
4544,0
4547,0
4550,0
4554,0
4557,0
4560,0
4563,0
4567,0
4570,0
4573,0
4576,0
4579,0
4582,0
4586,0
4589,0
4592,0
4595,0
4598,0
4602,0
4605,0
4608,0
4611,0
4614,0
4618,0
4621,0
4624,0
4627,0
4630,0
4634,0
4637,0
4640,0
4643,0
4646,0
4650,0
4653,0
4656,0
4659,0
4662,0
4666,0
4669,0
4672,0
4675,0
4678,0
4682,0
4685,0
4688,0
4691,0
4694,0
4698,0
4701,0
4704,0
4707,0
4710,0
4714,0
4717,0
4720,0
4723,0
4726,0
4729,0
4733,0
4736,0
4739,0
4742,0
4745,0
4749,0
4752,0
4755,0
4758,0
4761,0
4765,0
4768,0
4771,0
4774,0
4777,0
4781,0
4784,0
4787,0
4790,0
4793,0
4797,0
4800,0
4803,0
4806,0
4809,0
4813,0
4816,0
4819,0
4822,0
4825,0
4829,0
4832,0
4835,0
4838,0
4841,0
4845,0
4848,0
4851,0
4854,0
4857,0
4861,0
4864,0
4867,0
4870,0
4873,0
4877,1
4880,1
4883,1
4886,1
4889,1
4893,1
4896,1
4899,1
4902,1
4905,1
4908,1
4912,1
4915,1
4918,1
4921,1
4925,1
4928,1
4931,1
4934,1
4937,1
4940,1
4944,1
4947,1
4950,1
4953,1
4956,1
4960,1
4963,1
4966,1
4969,1
4972,1
4976,1
4979,1
4982,1
4985,1
4988,1
4992,1
4995,1
5001,1
5004,1
5008,1
5011,1
5014,1
5017,1
5021,1
5024,1
5027,1
5030,1
5033,1
5037,1
5040,1
5043,1
5046,1
5049,1
5053,1
5056,1
5059,1
5062,1
5065,1
5069,1
5072,1
5075,1
5078,1
5081,1
5085,1
5088,1
5091,1
5094,1
5097,1
5101,1
5104,1
5107,1
5110,1
5113,1
5117,1
5120,1
5123,1
5126,1
5129,1
5133,1
5136,1
5139,1
5142,1
5145,1
5149,1
5152,1
5155,1
5158,1
5161,1
5165,1
5168,1
5171,1
5174,1
5177,1
5181,1
5191,1
5195,1
5198,1
5201,1
5204,1
5207,1
5211,1
5214,1
5217,1
5220,1
5223,1
5227,1
5230,1
5233,1
5236,1
5239,1
5243,1
5246,1
5249,1
5252,1
5255,1
5259,1
5262,1
5265,1
5268,1
5271,1
5275,1
5278,1
5281,1
5284,1
5287,1
5291,1
5294,1
5297,1
5300,1
5303,1
5307,1
5310,1
5313,1
5316,1
5319,1
5322,1
5326,1
5329,1
5332,1
5335,1
5338,1
5342,1
5345,1
5348,1
5351,1
5354,1
5358,1
5361,1
5364,1
5367,1
5370,1
5374,1
5377,1
5380,1
5383,1
5386,1
5390,1
5393,1
5396,1
5399,1
5402,1
5406,1
5409,1
5412,1
5415,1
5418,1
5422,1
5425,1
5428,1
5431,1
5434,1
5438,1
5441,1
5444,1
5447,1
5450,1
5454,1
5457,1
5460,1
5463,1
5466,1
5470,1
5473,1
5476,1
5482,1
5486,1
5489,1
5492,1
5495,1
5499,1
5502,1
5505,1
5508,1
5511,1
5515,1
5518,1
5521,1
5524,1
5527,1
5531,1
5534,1
5537,1
5540,1
5543,1
5547,1
5550,1
5553,1
5556,1
5559,1
5563,1
5566,1
5569,1
5572,1
5575,1
5579,1
5582,1
5585,1
5588,1
5591,1
5595,1
5598,1
5601,1
5604,1
5607,1
5611,1
5614,1
5617,1
5620,1
5623,1
5627,1
5630,1
5633,1
5636,1
5639,1
5643,1
5646,1
5649,1
5652,1
5655,1
5659,1
5662,1
5665,1
5668,1
5671,1
5675,1
5678,1
5681,1
5684,1
5687,1
5691,1
5694,1
5697,1
5700,1
5703,1
5707,1
5710,1
5713,1
5716,1
5719,1
5723,1
5726,1
5729,1
5732,1
5735,1
5739,1
5742,1
5745,1
5748,1
5751,1
5755,1
5758,1
5761,1
5764,1
5767,1
5771,1
5774,1
5777,1
5780,1
5783,1
5786,1
5790,1
5793,1
5796,1
5799,1
5802,1
5806,1
5809,1
5812,1
5815,1
5818,1
5822,1
5825,1
5828,1
5831,1
5834,1
5838,1
5841,1
5844,1
5847,1
5850,1
5854,1
5857,1
5860,1
5863,1
5866,1
5870,1
5873,1
5876,1
5879,1
5882,1
5886,1
5889,1
5892,1
5895,1
5898,1
5902,1
5905,1
5908,1
5911,1
5914,1
5918,1
5921,1
5924,1
5927,1
5930,1
5934,1
5937,1
5940,1
5943,1
5946,1
5978,1
5981,1
5984,1
5987,1
5991,1
5994,1
5997,1
6000,1
6003,1
6007,1
6010,1
6013,1
6016,1
6019,1
6023,1
6026,1
6029,1
6032,1
6035,1
6039,1
6042,1
6045,1
6048,1
6051,1
6055,1
6058,1
6061,1
6064,1
6067,1
6070,1
6074,1
6077,1
6080,1
6083,1
6086,1
6090,1
6093,1
6096,1
6099,1
6102,1
6106,1
6109,1
6112,1
6115,1
6118,1
6122,1
6125,1
6128,1
6131,1
6134,1
6138,1
6141,1
6144,1
6147,1
6150,1
6154,1
6157,1
6160,1
6163,1
6166,1
6170,1
6173,1
6176,1
6179,1
6182,1
6186,1
6189,1
6192,1
6195,1
6198,1
6202,1
6205,1
6208,1
6211,1
6214,1
6218,1
6221,1
6224,1
6227,1
6230,1
6234,1
6237,1
6240,1
6243,1
6246,1
6250,1
6253,1
6256,1
6259,1
6262,1
6266,1
6269,1
6272,1
6275,1
6278,1
6282,1
6285,1
6288,1
6291,1
6294,1
6298,1
6301,1
6304,1
6307,1
6310,1
6314,1
6317,1
6320,1
6323,1
6326,1
6330,1
6333,1
6336,1
6339,1
6342,1
6346,1
6349,1
6352,1
6355,1
6358,1
6362,1
6365,1
6368,1
6371,1
6374,1
6377,1
6381,1
6384,1
6387,1
6390,1
6393,1
6397,1
6400,1
6403,1
6406,1
6409,1
6413,1
6416,1
6419,1
6422,1
6425,0
6429,0
6432,0
6435,0
6438,0
6441,0
6448,0
6451,0
6454,0
6458,0
6461,0
6464,0
6467,0
6470,0
6474,0
6477,0
6480,0
6483,0
6486,0
6490,0
6493,0
6496,0
6499,0
6502,0
6506,0
6509,0
6512,0
6515,0
6518,0
6522,0
6525,0
6528,0
6531,0
6534,0
6538,0
6541,0
6544,0
6547,0
6550,0
6554,0
6557,0
6560,0
6563,0
6566,0
6569,0
6573,0
6576,0
6579,0
6582,0
6585,0
6589,0
6592,0
6595,0
6598,0
6601,0
6605,0
6608,0
6611,0
6614,0
6617,0
6621,0
6624,0
6627,0
6630,0
6633,0
6637,0
6640,0
6643,0
6646,0
6649,0
6653,0
6656,0
6659,1
6662,1
6665,1
6669,1
6672,1
6675,1
6678,1
6681,1
6685,1
6688,1
6691,1
6694,1
6697,1
6701,1
6704,1
6707,1
6710,1
6713,1
6717,1
6720,1
6723,1
6726,1
6729,1
6733,1
6736,1
6739,1
6742,1
6745,1
6749,1
6752,1
6755,1
6758,1
6761,1
6765,1
6768,1
6771,1
6774,1
6777,1
6781,1
6784,1
6787,1
6790,1
6793,1
6797,1
6800,1
6803,1
6806,1
6809,1
6813,1
6816,1
6819,1
6822,1
6825,1
6828,1
6832,1
6835,1
6838,1
6841,1
6844,1
6848,1
6851,1
6854,1
6857,1
6860,1
6864,1
6867,1
6870,1
6873,1
6877,1
6880,1
6883,1
6886,1
6889,1
6892,1
6896,1
6899,1
6902,1
6905,1
6909,1
6912,1
6918,1
6921,1
6925,1
6928,1
6931,1
6934,1
6937,1
6941,1
6944,1
6947,1
6950,1
6953,1
6957,1
6960,1
6963,1
6966,1
6969,1
6973,1
6976,1
6979,1
6982,1
6985,1
6989,1
6992,1
6995,1
6998,1
7001,1
7005,1
7008,1
7011,1
7014,1
7017,1
7021,1
7024,1
7027,1
7030,1
7033,1
7037,1
7040,1
7043,1
7046,1
7049,1
7053,1
7056,1
7059,1
7062,1
7065,1
7069,1
7072,1
7075,1
7078,1
7081,1
7085,1
7088,1
7091,1
7094,1
7097,1
7101,1
7104,1
7107,1
7110,1
7113,1
7117,1
7120,1
7123,1
7126,1
7129,1
7133,1
7136,1
7139,1
7142,1
7145,1
7149,1
7152,1
7155,1
7158,1
7161,1
7165,1
7168,1
7171,1
7174,1
7177,1
7181,1
7184,1
7187,1
7190,1
7193,1
7197,1
7200,1
7203,1
7206,1
7209,1
7213,1
7216,1
7219,1
7222,1
7225,1
7228,1
7232,1
7235,1
7238,1
7241,1
7245,1
7248,1
7251,1
7254,1
7257,1
7261,1
7264,1
7267,1
7270,1
7273,1
7277,1
7280,1
7283,1
7286,1
7289,1
7292,1
7296,1
7299,1
7302,1
7305,1
7309,1
7312,1
7315,1
7318,1
7321,1
7324,1
7328,1
7331,1
7334,1
7337,1
7340,1
7344,0
7347,0
7350,0
7353,0
7356,0
7360,0
7363,0
7366,0
7369,0
7372,0
7383,0
7387,0
7390,0
7396,0
7399,0
7403,0
7406,0
7409,0
7412,0
7416,0
7419,0
7422,0
7425,0
7428,0
7432,0
7435,0
7438,0
7441,0
7444,0
7448,0
7451,0
7454,0
7457,0
7460,0
7463,0
7467,0
7470,0
7473,0
7476,0
7479,0
7483,0
7486,0
7489,0
7492,0
7495,0
7499,0
7502,0
7505,0
7508,0
7511,0
7515,0
7518,0
7521,0
7524,0
7527,0
7531,0
7534,0
7537,0
7540,0
7543,0
7547,0
7550,0
7553,0
7556,0
7559,0
7563,0
7566,0
7569,0
7572,0
7575,0
7579,0
7582,0
7585,0
7588,0
7591,1
7595,1
7598,1
7601,1
7604,1
7607,1
7611,1
7614,1
7617,1
7620,1
7623,1
7627,1
7630,1
7633,1
7636,1
7639,1
7643,1
7646,1
7649,1
7652,1
7655,1
7659,1
7662,1
7665,1
7668,1
7671,1
7675,1
7678,1
7681,1
7684,1
7687,1
7691,1
7694,1
7697,1
7700,1
7703,1
7707,1
7710,1
7713,1
7716,1
7719,1
7722,1
7726,1
7729,1
7732,1
7735,0
7738,0
7742,0
7745,0
7748,0
7751,0
7754,0
7758,0
7761,0
7764,0
7767,0
7770,0
7774,0
7777,0
7780,0
7783,0
7786,0
7790,0
7793,0
7796,0
7799,0
7802,0
7806,0
7809,0
7812,0
7815,0
7818,0
7822,0
7825,0
7828,0
7831,0
7834,0
7838,0
7841,0
7844,0
7847,0
7850,0
7853,0
7857,0
7860,0
7866,1
7894,1
7897,1
7900,1
7903,1
7907,1
7910,1
7913,1
7916,1
7919,1
7923,1
7926,1
7929,1
7932,1
7935,1
7939,1
7942,1
7945,1
7948,1
7951,1
7955,1
7958,1
7961,1
7964,1
7967,1
7971,1
7974,1
7977,1
7980,1
7984,1
7987,1
7990,1
7993,1
7996,1
7999,1
8003,1
8006,1
8009,1
8012,1
8015,1
8019,1
8022,1
8025,1
8028,1
8031,1
8035,1
8038,1
8041,1
8044,1
8047,1
8051,1
8054,1
8057,1
8060,1
8063,1
8067,1
8070,1
8073,1
8076,1
8079,1
8083,1
8086,1
8089,1
8092,1
8095,1
8099,1
8102,1
8105,1
8108,1
8111,1
8115,1
8118,1
8121,1
8124,1
8127,1
8131,1
8134,1
8137,1
8140,1
8143,1
8147,1
8150,1
8153,1
8156,1
8159,1
8163,1
8166,1
8169,1
8172,1
8175,1
8179,1
8182,1
8185,1
8188,1
8191,1
8195,1
8198,1
8201,1
8204,1
8207,1
8211,1
8214,1
8217,1
8220,1
8223,1
8227,1
8230,1
8233,1
8236,1
8239,1
8243,1
8246,1
8249,1
8252,1
8255,1
8259,1
8262,1
8265,1
8268,1
8271,1
8275,1
8278,1
8281,1
8284,1
8287,1
8291,1
8294,1
8297,1
8300,1
8303,1
8307,1
8310,1
8313,1
8316,1
8319,1
8323,1
8326,1
8329,1
8332,1
8336,1
8339,1
8342,1
8345,1
8348,1
8351,1
8358,1
8361,1
8364,1
8368,1
8371,1
8374,1
8377,1
8380,1
8384,1
8387,1
8390,1
8393,1
8396,1
8400,1
8403,1
8406,1
8409,1
8412,1
8416,1
8419,1
8422,1
8425,1
8428,1
8432,1
8435,1
8438,1
8441,1
8444,1
8448,1
8451,1
8454,1
8457,1
8460,1
8464,1
8467,1
8470,1
8473,1
8476,1
8480,1
8483,1
8486,1
8489,1
8492,1
8496,1
8499,1
8502,1
8505,1
8508,1
8512,1
8515,1
8518,1
8521,1
8524,1
8528,1
8531,1
8534,1
8537,1
8540,1
8544,1
8547,1
8550,1
8553,1
8556,1
8560,1
8563,1
8566,1
8569,1
8572,1
8576,1
8579,1
8582,1
8585,1
8588,1
8592,1
8595,1
8598,1
8601,1
8604,1
8607,1
8611,1
8614,1
8617,1
8620,1
8623,1
8627,1
8630,1
8633,1
8636,1
8639,1
8643,1
8646,1
8649,1
8652,1
8655,1
8659,1
8662,1
8665,1
8668,1
8671,1
8675,1
8678,1
8681,1
8684,1
8687,1
8691,1
8694,1
8697,1
8700,1
8703,1
8707,1
8710,1
8713,1
8716,1
8719,1
8723,1
8726,1
8729,1
8732,1
8735,1
8739,1
8742,1
8745,1
8748,1
8751,1
8755,1
8758,1
8761,1
8764,1
8767,1
8771,1
8774,1
8777,1
8780,1
8783,1
8787,1
8790,1
8793,1
8796,1
8799,1
8802,1
8806,1
8809,1
8812,1
8815,1
8818,1
8822,1
8828,1
8831,1
8835,1
8838,1
8841,1
8844,1
8847,1
8851,1
8854,1
8857,1
8860,1
8863,1
8867,1
8870,1
8873,1
8876,1
8879,1
8883,1
8886,1
8889,1
8892,1
8895,1
8899,1
8902,1
8905,1
8908,1
8911,1
8915,1
8918,1
8921,1
8924,1
8928,1
8931,1
8934,1
8937,1
8940,1
8943,1
8947,1
8950,1
8953,1
8956,1
8959,1
8963,1
8966,1
8969,1
8972,1
8975,1
8979,1
8982,1
8985,1
8988,1
8991,1
8995,1
8998,1
9001,1
9004,1
9007,1
9011,1
9014,1
9017,1
9020,1
9023,1
9027,1
9030,1
9033,1
9036,1
9039,1
9043,1
9046,1
9049,1
9052,1
9055,1
9059,1
9062,1
9065,1
9068,1
9071,1
9075,1
9078,1
9081,1
9084,1
9087,1
9091,1
9094,1
9097,1
9100,1
9103,1
9107,1
9110,1
9113,1
9116,1
9119,1
9123,1
9126,1
9129,1
9132,1
9135,1
9139,1
9142,1
9145,1
9148,1
9151,1
9155,1
9158,1
9161,1
9164,1
9167,1
9171,1
9174,1
9177,1
9180,1
9183,1
9187,1
9190,1
9193,1
9196,1
9199,1
9202,1
9206,1
9209,1
9212,1
9215,1
9219,1
9222,1
9225,1
9228,1
9231,1
9235,1
9238,1
9241,1
9244,1
9247,1
9250,1
9254,1
9257,1
9260,1
9263,1
9267,1
9270,1
9273,1
9276,1
9279,1
9282,1
9286,1
9289,1
9292,1
9295,1
9302,1
9305,1
9308,1
9311,1
9315,1
9318,1
9321,1
9324,1
9327,1
9331,1
9334,1
9337,1
9340,1
9344,1
9347,1
9350,1
9353,1
9356,1
9360,1
9363,1
9366,1
9369,1
9372,1
9375,1
9379,1
9382,1
9385,1
9388,1
9391,1
9395,1
9398,1
9401,1
9404,1
9407,1
9411,1
9414,1
9417,1
9420,1
9423,1
9427,1
9430,1
9433,1
9436,1
9439,1
9443,1
9446,1
9449,1
9452,1
9455,1
9459,1
9462,1
9465,1
9468,1
9471,1
9475,1
9478,1
9481,1
9484,1
9487,1
9491,1
9494,1
9497,1
9500,1
9503,1
9507,1
9510,1
9513,1
9516,1
9519,1
9523,1
9526,1
9529,1
9532,1
9536,1
9539,1
9542,1
9545,1
9548,1
9552,1
9555,0
9558,0
9561,0
9564,0
9567,0
9578,0
9582,0
9585,0
9588,0
9591,0
9594,0
9598,0
9601,0
9604,0
9607,0
9610,0
9613,0
9617,0
9620,0
9623,0
9626,0
9629,0
9633,0
9636,0
9639,0
9642,0
9645,0
9649,0
9652,0
9655,0
9658,0
9661,0
9665,0
9668,0
9671,0
9674,0
9677,0
9681,0
9684,0
9687,0
9690,0
9693,0
9697,0
9700,0
9703,0
9706,0
9709,0
9713,0
9716,0
9719,0
9722,0
9725,0
9729,0
9732,0
9735,0
9738,0
9741,0
9745,0
9748,0
9751,1
9754,1
9757,1
9761,1
9764,1
9767,1
9770,1
9773,1
9805,1
9808,1
9812,1
9815,1
9818,1
9821,1
9825,1
9828,1
9831,1
9834,1
9837,1
9841,1
9844,1
9847,1
9850,1
9853,1
9856,1
9860,1
9863,1
9866,1
9869,1
9872,1
9876,1
9879,1
9882,1
9885,1
9888,1
9892,1
9895,1
9898,1
9901,1
9904,1
9908,1
9911,1
9914,1
9917,1
9920,1
9924,1
9927,1
9930,1
9933,1
9936,1
9940,1
9943,0
9946,0
9949,0
9952,0
9956,0
9959,1
9962,1
9965,1
9968,1
9972,1
9975,1
9978,1
9981,1
9984,1
9988,1
9991,1
9994,1
9997,1
10000,1
